Workbook

Sheet 체크리스트
A1: No | B1: Phase | C1: 단계명 | D1: 구분 | E1: 체크 항목 | F1: 상태 | G1: 완료일 | H1: 비고
A2: 1 | B2: 0 | C2: 요구사항 정의 | E2: 목표 클럭 속도 결정 — 100kHz(Standard) vs 400kHz(Fast), FPGA 시스템 클럭 대비 분주 가능한 값인지 확인 | F2: 완료 | G2: 46269 | H2: 400kHz(Fast) - Tr: 300ns
A3: 2 | B3: 0 | C3: 요구사항 정의 | E3: 구현 범위 확정 — Byte Write / Page Write(최대 64B) / Current·Random·Sequential Read 중 어디까지 만들지 | F3: 완료 | G3: 46269 | H3: Byte Write + Random Read + Current Address Read
A4: 3 | B4: 0 | C4: 요구사항 정의 | E4: 상위 유저 로직 커맨드 인터페이스 초안 — start, rw, addr[14:0], wdata/rdata[7:0], busy/done | F4: 완료 | G4: 46269
A5: 4 | B5: 0 | C5: 요구사항 정의 | E5: 대상 디바이스 확정 — 24LC256, 슬레이브 주소 1010+A2A1A0 | F5: 완료 | G5: 46269 | H5: 24LC256
A6: 5 | B6: 0 | C6: 요구사항 정의 | E6: 검증 방식 확정 — 실칩 없음 → TB 비헤이비어 모델 기반 시뮬레이션 검증으로 진행 | F6: 완료 | G6: 46269
A7: 6 | B7: 1 | C7: 데이터시트 스터디(DS21203C) | D7: 핀/전기적 특성 | E7: Table 1-1 핀 기능 — SDA, SCL, A0~A2(칩 셀렉트), WP (WP는 Vcc 연결 시 전체 쓰기 보호) | F7: 완료 | G7: 46269
A8: 7 | B8: 1 | C8: 데이터시트 스터디(DS21203C) | D8: 핀/전기적 특성 | E8: Table 1-3 AC 특성 — FCLK, THIGH, TLOW, TSU:STA, THD:STA, TSU:STO, TBUF 값 정리 (분주값 계산용) | F8: 완료 | G8: 46269
A9: 8 | B9: 1 | C9: 데이터시트 스터디(DS21203C) | D9: 프로토콜 구조 | E9: Figure 4-1/4-2 — START·STOP·ACK 기본 타이밍 정의 | F9: 완료 | G9: 46269
A10: 9 | B10: 1 | C10: 데이터시트 스터디(DS21203C) | D10: 프로토콜 구조 | E10: Figure 5-1 컨트롤 바이트 — 1010 + A2A1A0 + R/W̄ | F10: 완료 | G10: 46269
A11: 10 | B11: 1 | C11: 데이터시트 스터디(DS21203C) | D11: 프로토콜 구조 | E11: Figure 5-2 주소 구조 — 2바이트(Address High/Low), A14~A0 15비트 유효, 상위 1비트 don't-care | F11: 완료 | G11: 46269
A12: 11 | B12: 1 | C12: 데이터시트 스터디(DS21203C) | D12: 오퍼레이션 시퀀스 | E12: Figure 6-1 Byte Write 시퀀스 | F12: 완료 | G12: 46269
A13: 12 | B13: 1 | C13: 데이터시트 스터디(DS21203C) | D13: 오퍼레이션 시퀀스 | E13: Figure 6-2 Page Write 시퀀스 — 최대 64바이트, 경계 초과 시 롤오버 주의 | F13: 대기
A14: 13 | B14: 1 | C14: 데이터시트 스터디(DS21203C) | D14: 오퍼레이션 시퀀스 | E14: Figure 7-1 ACK Polling — 최대 5ms 쓰기 사이클 완료 감지에 활용 | F14: 완료 | G14: 46269
A15: 14 | B15: 1 | C15: 데이터시트 스터디(DS21203C) | D15: 오퍼레이션 시퀀스 | E15: Figure 8-1~8-3 Read 3종 — Random Read는 Repeated START, Sequential Read는 마지막에 NACK | F15: 완료 | G15: 46269
A16: 15 | B16: 2 | C16: 블록 다이어그램 설계 | E16: 시스템 레벨 — 유저 로직 ↔ I2C 마스터 컨트롤러 ↔ (SDA/SCL, 외부 풀업) ↔ EEPROM(TB 모델) | F16: 진행중
A17: 16 | B17: 2 | C17: 블록 다이어그램 설계 | E17: 컨트롤러 내부 3계층 — SCL 클럭 분주기 / 비트 단위 송수신 블록 / 상위 커맨드 FSM | F17: 대기
A18: 17 | B18: 2 | C18: 블록 다이어그램 설계 | E18: I2C 쪽 신호 정의 — sda_out/sda_oe/sda_in, scl_out (클럭 스트레칭 미지원 → SCL은 마스터 단독 구동) | F18: 대기
A19: 18 | B19: 2 | C19: 블록 다이어그램 설계 | E19: 유저 로직 쪽 커맨드/데이터 포트 확정 (Phase 0 초안 반영) | F19: 대기
A20: 19 | B20: 2 | C20: 블록 다이어그램 설계 | E20: TB 레벨 블록도 — DUT(마스터) + EEPROM 비헤이비어 모델 + 풀업 모델을 하나의 top으로 | F20: 대기
A21: 20 | B21: 3 | C21: 비트/타이밍 차트 작성 | E21: Byte Write 파형 — START→컨트롤바이트→ACK→주소상위→ACK→주소하위→ACK→데이터→ACK→STOP | F21: 대기
A22: 21 | B22: 3 | C22: 비트/타이밍 차트 작성 | E22: Page Write 파형 — 데이터 바이트를 STOP 없이 최대 64개까지 연속 | F22: 대기
A23: 22 | B23: 3 | C23: 비트/타이밍 차트 작성 | E23: Random Read 파형 — Write로 주소 세팅 → Repeated START → 컨트롤바이트(R) → ACK → 데이터 → 마스터 NACK → STOP | F23: 대기
A24: 23 | B24: 3 | C24: 비트/타이밍 차트 작성 | E24: Sequential Read 파형 — 여러 데이터 바이트, 마지막 바이트에서만 NACK | F24: 대기
A25: 24 | B25: 3 | C25: 비트/타이밍 차트 작성 | E25: 타이밍 파라미터 주석 — TSU:STA, THD:STA, TSU:DAT, THD:DAT, TSU:STO | F25: 대기
A26: 25 | B26: 4 | C26: FSM 설계 | E26: 비트 레벨 FSM — SCL_LOW → SDA_SETUP → SCL_HIGH, 클럭 분주 카운터 기반 | F26: 대기
A27: 26 | B27: 4 | C27: FSM 설계 | E27: 바이트 레벨 FSM — 8비트 시프트 + ACK 체크 상태, 비트 카운터 | F27: 대기
... A51: 50 | B51: 10 | C51: 문서화 & 회고 | E51: 다음 실습 후보 정리 — SPI, 멀티 슬레이브 I2C, 클럭 스트레칭 지원 디바이스 등 | F51: 대기
A53: 사용법
A54: ① F열(상태): 드롭다운에서 대기 / 진행중 / 완료 중 선택하세요.
A55: ② G열(완료일): 완료 시 날짜를 입력하세요.
A56: ③ H열(비고): 막힌 부분이나 메모를 자유롭게 적으세요.
A57: ④ A~E열(No/Phase/단계명/구분/체크 항목)은 로드맵 구조이니 수정하지 않는 걸 권장합니다.
A58: ⑤ '대시보드' 시트에서 Phase별 진행률이 자동으로 집계됩니다.

Sheet 대시보드
A1: Phase | B1: 단계명 | C1: 항목수 | D1: 완료수 | E1: 진행률
A2: 0 | B2: 요구사항 정의 | C2: =COUNTIF(체크리스트!$B$2:$B$51,A2) -> 5 | D2: =COUNTIFS(체크리스트!$B$2:$B$51,A2,체크리스트!$F$2:$F$51,"완료") -> 5 | E2: =IFERROR(D2/C2,0) -> 1
A3: 1 | B3: 데이터시트 스터디(DS21203C) | C3: =COUNTIF(체크리스트!$B$2:$B$51,A3) -> 9 | D3: =COUNTIFS(체크리스트!$B$2:$B$51,A3,체크리스트!$F$2:$F$51,"완료") -> 8 | E3: =IFERROR(D3/C3,0) -> 0.88888889
A4: 2 | B4: 블록 다이어그램 설계 | C4: =COUNTIF(체크리스트!$B$2:$B$51,A4) -> 5 | D4: =COUNTIFS(체크리스트!$B$2:$B$51,A4,체크리스트!$F$2:$F$51,"완료") -> 0 | E4: =IFERROR(D4/C4,0) -> 0
A5: 3 | B5: 비트/타이밍 차트 작성 | C5: =COUNTIF(체크리스트!$B$2:$B$51,A5) -> 5 | D5: =COUNTIFS(체크리스트!$B$2:$B$51,A5,체크리스트!$F$2:$F$51,"완료") -> 0 | E5: =IFERROR(D5/C5,0) -> 0
A6: 4 | B6: FSM 설계 | C6: =COUNTIF(체크리스트!$B$2:$B$51,A6) -> 5 | D6: =COUNTIFS(체크리스트!$B$2:$B$51,A6,체크리스트!$F$2:$F$51,"완료") -> 0 | E6: =IFERROR(D6/C6,0) -> 0
A7: 5 | B7: RTL 코딩(VHDL) | C7: =COUNTIF(체크리스트!$B$2:$B$51,A7) -> 4 | D7: =COUNTIFS(체크리스트!$B$2:$B$51,A7,체크리스트!$F$2:$F$51,"완료") -> 0 | E7: =IFERROR(D7/C7,0) -> 0
A8: 6 | B8: 테스트벤치 & EEPROM 비헤이비어 모델 | C8: =COUNTIF(체크리스트!$B$2:$B$51,A8) -> 4 | D8: =COUNTIFS(체크리스트!$B$2:$B$51,A8,체크리스트!$F$2:$F$51,"완료") -> 0 | E8: =IFERROR(D8/C8,0) -> 0
A9: 7 | B9: 시뮬레이션 & 디버깅 | C9: =COUNTIF(체크리스트!$B$2:$B$51,A9) -> 5 | D9: =COUNTIFS(체크리스트!$B$2:$B$51,A9,체크리스트!$F$2:$F$51,"완료") -> 0 | E9: =IFERROR(D9/C9,0) -> 0
A10: 8 | B10: 합성 & 타이밍 제약(선택) | C10: =COUNTIF(체크리스트!$B$2:$B$51,A10) -> 3 | D10: =COUNTIFS(체크리스트!$B$2:$B$51,A10,체크리스트!$F$2:$F$51,"완료") -> 0 | E10: =IFERROR(D10/C10,0) -> 0
A11: 9 | B11: 하드웨어 검증(선택) | C11: =COUNTIF(체크리스트!$B$2:$B$51,A11) -> 2 | D11: =COUNTIFS(체크리스트!$B$2:$B$51,A11,체크리스트!$F$2:$F$51,"완료") -> 0 | E11: =IFERROR(D11/C11,0) -> 0
A12: 10 | B12: 문서화 & 회고 | C12: =COUNTIF(체크리스트!$B$2:$B$51,A12) -> 3 | D12: =COUNTIFS(체크리스트!$B$2:$B$51,A12,체크리스트!$F$2:$F$51,"완료") -> 0 | E12: =IFERROR(D12/C12,0) -> 0
A13: 합계 | B13: 전체 | C13: =SUM(C2:C12) -> 50 | D13: =SUM(D2:D12) -> 13 | E13: =IFERROR(D13/C13,0) -> 0.26
